iter	RMSE
0	1.126149324
1	1.123754037
2	1.120895424
3	1.118050873
