,ERG8,ERG10,ERG12,ERG13,ERG19,ERG20,IDI1,tHMG1,prod
58,1.758306218,1.393474719,1.13048766,1.363265462,1.579463077,1.229483722,1.02904452,10.03010251,8.570631738
122,1.157750627,1.054273716,2.403862304,1.19814181,15.19429381,1.052737111,1.403265766,9.955775701,8.629868
166,10.52432682,10.35818348,9.13852499,6.611373608,10.46829062,14.41221,6.340865936,18.80913943,8.678808121
95,5.334260734,1.253070327,1.394102642,7.503345357,1.007924062,1.007683213,1.242062413,9.589966176,9.269714698
61,0.322516665,1.08151619,0.214027537,11.49573107,1.872004445,1.773278405,0.470616178,2.945630009,9.489131763
155,7.336543191,3.6625942,7.673810907,2.682688457,2.195582627,4.418530124,1.014994366,13.67210818,9.522851
117,4.38241711,1.525545854,1.180069872,1.533178343,1.411178674,1.349899966,1.508734024,19.77555013,10.401666
159,8.055299014,6.361973513,2.989111906,10.03046779,2.530277422,1.613322274,1.603376958,12.88392992,10.5638
